Country,Name,Age,Ht,Nickname,Endeavor,MMA
Belarus,Andrei Arlovski *,40,6Â ft 3Â in (1.91Â m),The Pit Bull,17â-13 (1 NC),28â-19 (2 NC)
Netherlands,Alistair Overeem *,39,6Â ft 5Â in (1.96Â m),The Reem,11â-6,45â-17 (1 NC)
Brazil,FabrÃ­cio Werdum *,42,6Â ft 4Â in (1.93Â m),Vai Cavalo,11â-6,23â-8â-1
Brazil,Junior dos Santos,35,6Â ft 4Â in (1.93Â m),Cigano,15â-5,21â-6
United States,Todd Duffee,33,6Â ft 4Â in (1.93Â m),Irish Car Bomb,3â-2 (1 NC),9â-3 (1 NC)
United States,Ben Rothwell,38,6Â ft 4Â in (1.93Â m),,6â-6,36â-12
United States,Daniel Cormier *,40,5Â ft 11Â in (1.80Â m),DC,15â-2 (1 NC),22â-2 (1 NC)
United States,Stipe MioÄiÄ‡ (C),37,6Â ft 4Â in (1.93Â m),,13â-3,19â-3
United States,Walt Harris,36,6Â ft 5Â in (1.96Â m),The Big Ticket,6â-6 (1 NC),13â-7 (1 NC)
United States,Derrick Lewis,34,6Â ft 3Â in (1.91Â m),Black Beast,13â-5,22â-7 (1 NC)
Brazil,Marcos RogÃ©rio de Lima *,34,6Â ft 1Â in (1.85Â m),PezÃ£o,5â-5,16â-6â-1
Russian Federation,Aleksei Oleinik,42,6Â ft 2Â in (1.88Â m),The Boa Constrictor,6â-4,57â-13â-1
Syria,Jarjis Danho,36,6Â ft 3Â in (1.91Â m),Man Mountain,0â-1â-1,5â-1â-1 (1 NC)
Russian Federation,Shamil Abdurakhimov,38,6Â ft 3Â in (1.91Â m),Abrek,5â-3,20â-5
United States,Chris de la Rocha,40,6Â ft 3Â in (1.91Â m),,1â-3,5â-3
Cameroon,Francis Ngannou,33,6Â ft 4Â in (1.93Â m),The Predator,9â-2,14â-3
United States,Curtis Blaydes,28,6Â ft 4Â in (1.93Â m),Razor,7â-2 (1 NC),12â-2 (1 NC)
France,Cyril Asker,33,6Â ft 0Â in (1.83Â m),Silverback,2â-3,9â-4
Poland,Marcin Tybura,34,6Â ft 3Â in (1.91Â m),Tybur,4â-5,17â-6
Russian Federation,Alexander Volkov,31,6Â ft 7Â in (2.01Â m),Drago,5â-1,31â-7
United States,Daniel Spitz,29,6Â ft 7Â in (2.01Â m),Daddy Long Legs,1â-3,6â-3
Brazil,JÃºnior Albini,28,6Â ft 3Â in (1.91Â m),Baby,1â-4,14â-6
Poland,Adam Wieczorek,27,6Â ft 5Â in (1.96Â m),Siwy,2â-1,10â-2
Australia,Tai Tuivasa,26,6Â ft 2Â in (1.88Â m),Bam Bam,3â-3,9â-3
Russian Federation,Dmitry Sosnovskiy,30,6Â ft 3Â in (1.91Â m),Wicked Machine,1â-0,11â-0
Bulgaria,Blagoy Ivanov,33,5Â ft 11Â in (1.80Â m),Baga,2â-2,18â-3 (1 NC)
Brazil,Augusto Sakai,28,6Â ft 4Â in (1.93Â m),,3â-0,14â-1â-1
Russian Federation,Sergey Pavlovich,27,6Â ft 3Â in (1.91Â m),,2â-1,14â-1
United States,Maurice Greene,33,6Â ft 7Â in (2.01Â m),The Pirate,3â-1,8â-3
Spain,Juan Espino,39,6Â ft 4Â in (1.93Â m),El Guapo,1â-0,9â-1
United States,Juan Adams,27,6Â ft 5Â in (1.96Â m),The Kraken,1â-2,5â-2
United States,Greg Hardy,31,6Â ft 5Â in (1.96Â m),,2â-2 (1 NC),5â-2 (1 NC)
Suriname,Jairzinho Rozenstruik,31,6Â ft 2Â in (1.88Â m),Bigi Boy,3â-0,9â-0
United States,Jeff Hughes,31,6Â ft 2Â in (1.88Â m),Lights Out,0â-2 (1 NC),10â-3 (1 NC)
Moldova,Sergey Spivak,24,6Â ft 3Â in (1.91Â m),The Polar Bear,1â-1,10â-1
Brazil,Raphael Pessoa Nunes,30,6Â ft 4Â in (1.93Â m),BebezÃ£o,1â-1,10â-1
France,Ciryl GanÃ©,29,6Â ft 5Â in (1.96Â m),Bon Gamin,2â-0,5â-0
Cape Verde,Yorgan de Castro,32,6Â ft 1Â in (1.85Â m),,1â-0,6â-0
Australia,Justin Tafa,25,6Â ft 0Â in (1.83Â m),Bad Man,0â-1,3â-1
Canada,Tanner Boser,28,6Â ft 2Â in (1.88Â m),The Bulldozer,1â-0,17â-5â-1
Australia,Ben Sosoli,29,6Â ft 0Â in (1.83Â m),Combat Wombat,0â-0 (1 NC),7â-2 (2 NC)
United States,Donâ€™tale Mayes,27,6Â ft 6Â in (1.98Â m),Kong,0â-1,7â-3
United States,Ed Herman *,39,6Â ft 2Â in (1.88Â m),Short Fuse,12â-11 (1 NC),25â-14 (1 NC)
Brazil,MaurÃ­cio Rua,38,6Â ft 1Â in (1.85Â m),Shogun,10â-9â-1,26â-11â-1
United States,Luke Rockhold *,35,6Â ft 3Â in (1.91Â m),,9â-4,16â-5
United States,Jon Jones (C),32,6Â ft 4Â in (1.93Â m),Bones,19â-1 (1 NC),25â-1 (1 NC)
Brazil,AntÃ´nio RogÃ©rio Nogueira,43,6Â ft 2Â in (1.88Â m),Minotouro (Little Nog),6â-6,23â-9
United States,Ovince Saint Preux *,36,6Â ft 3Â in (1.91Â m),OSP,14â-9,24â-13
Brazil,Ronaldo Souza *,39,6Â ft 1Â in (1.85Â m),JacarÃ©,12â-6,26â-8 (1 NC)
United States,Gian Villante *,34,6Â ft 2Â in (1.88Â m),,10â-9,17â-11
United States,Chris Weidman,35,6Â ft 2Â in (1.88Â m),The All-American,10â-5,14â-5
Brazil,Glover Teixeira,40,6Â ft 2Â in (1.88Â m),,13â-5,30â-7
Sweden,Ilir Latifi,36,5Â ft 10Â in (1.78Â m),The Sledgehammer,7â-5,14â-7 (1 NC)
Brazil,Thiago Santos,35,6Â ft 0Â in (1.83Â m),Marreta,13â-6,21â-7
Ukraine,Nikita Krylov,27,6Â ft 0Â in (1.83Â m),The Miner,7â-5,26â-7
United States,Patrick Cummins,39,6Â ft 2Â in (1.88Â m),Durkin,6â-7,10â-7
United States,Corey Anderson,30,6Â ft 3Â in (1.91Â m),Overtime,10â-4,13â-4
United States,Sam Alvey,33,6Â ft 2Â in (1.88Â m),Smile'N,10â-8,33â-13 (1 NC)
Poland,Jan BÅ‚achowicz,36,6Â ft 2Â in (1.88Â m),The Prince of Cieszyn,8â-5,25â-8
United States,Jake Collier,31,6Â ft 3Â in (1.91Â m),The Prototype,3â-3,11â-4
Canada,Misha Cirkunov,32,6Â ft 3Â in (1.91Â m),,6â-3,15â-5
United States,Anthony Smith *,31,6Â ft 5Â in (1.96Â m),Lionheart,10â-6,32â-14
Moldova,Ion CuÈ›elaba,25,6Â ft 1Â in (1.85Â m),The Hulk,4â-3,15â-4 (1 NC)
United States,Khalil Rountree,29,6Â ft 1Â in (1.85Â m),The War Horse,4â-4 (1 NC),8â-4 (1 NC)
United States,Devin Clark,31,6Â ft 0Â in (1.83Â m),Brown Bear,4â-4,10â-4
United States,Justin Ledet,31,6Â ft 4Â in (1.93Â m),El Blanco,3â-2,9â-2 (1 NC)
Russian Federation,Gadzhimurad Antigulov,32,5Â ft 11Â in (1.80Â m),,2â-2,20â-6
Australia,Tyson Pedro,28,6Â ft 3Â in (1.91Â m),,3â-3,7â-3
Russian Federation,Saparbek Safarov,33,6Â ft 1Â in (1.85Â m),,1â-2,9â-2
Scotland,Paul Craig,32,6Â ft 4Â in (1.93Â m),BearJew,4â-4â-1,12â-4â-1
Serbia,Bojan MihajloviÄ‡,39,5Â ft 11Â in (1.80Â m),,0â-3,10â-6
Switzerland,Volkan Oezdemir,30,6Â ft 2Â in (1.88Â m),No Time,4â-3,16â-4
United States,Dominick Reyes,29,6Â ft 4Â in (1.93Â m),The Devastator,6â-0,12â-0
Austria,Aleksandar RakiÄ‡,27,6Â ft 5Â in (1.96Â m),,4â-0,12â-1
Turkey,GÃ¶khan Saki,36,6Â ft 0Â in (1.83Â m),The Rebel,1â-1,1â-2
China,Hu Yaozong,24,6Â ft 2Â in (1.88Â m),Bad Boy,0â-2,3â-2
Poland,MichaÅ‚ Oleksiejczuk,24,6Â ft 0Â in (1.83Â m),Lord,2â-1 (1 NC),14â-3 (1 NC)
Poland,Marcin Prachnio,31,6Â ft 3Â in (1.91Â m),,0â-2,13â-4
Russian Federation,Magomed Ankalaev,27,6Â ft 2Â in (1.88Â m),,3â-1,12â-1
United States,Mike RodrÃ­guez,31,6Â ft 3Â in (1.91Â m),Slow,1â-2,10â-4
Serbia,Darko StoÅ¡iÄ‡,27,6Â ft 0Â in (1.83Â m),,1â-2,13â-3
United States,Ryan Spann,28,6Â ft 5Â in (1.96Â m),Superman,3â-0,17â-5
Brazil,Johnny Walker,27,6Â ft 5Â in (1.96Â m),,3â-1,17â-4
Australia,Jimmy Crute,24,6Â ft 2Â in (1.88Â m),The Brute,2â-1,10â-1
United States,Alonzo Menifield,32,6Â ft 0Â in (1.83Â m),,2â-0,9â-0
Brazil,Vinicius Moreira,30,6Â ft 4Â in (1.93Â m),Mamute,0â-3,9â-4
Brazil,Klidson Abreu,26,6Â ft 2Â in (1.88Â m),Urso Branco,1â-2,15â-4
Romania,Nicolae Negumereanu,25,6Â ft 1Â in (1.85Â m),Nicu,0â-1,9â-1
Nigeria,Kennedy Nzechukwu,27,6Â ft 5Â in (1.96Â m),,1â-1,7â-1
The Democratic Republic of the Congo,Dalcha Lungiambula,34,5Â ft 10Â in (1.78Â m),Champion,1â-1,10â-2
United States,Dequan Townsend,33,6Â ft 3Â in (1.91Â m),The Tarantula,0â-1,18â-8
Brazil,John Allan Arte,26,6Â ft 1Â in (1.85Â m),,1â-0,14â-5
South Korea,Da Un Jung,31,6Â ft 3Â in (1.91Â m),,1â-0,12â-2
Russian Federation,Khadis Ibragimov,24,6Â ft 2Â in (1.88Â m),,0â-2,8â-2
Russian Federation,Shamil Gamzatov,29,6Â ft 2Â in (1.88Â m),,1â-0,14â-0
Brazil,Anderson Silva,44,6Â ft 2Â in (1.88Â m),The Spider,17â-6 (1 NC),34â-10 (1 NC)
United States,CB Dollaway,36,6Â ft 2Â in (1.88Â m),The Doberman,11â-9,17â-9
United States,Tim Boetsch,38,6Â ft 0Â in (1.83Â m),The Barbarian,12â-12,21â-13
United States,Brad Tavares,31,6Â ft 1Â in (1.85Â m),,12â-6,17â-6
United States,Derek Brunson *,35,6Â ft 1Â in (1.85Â m),,14â-6,20â-7
United States,Trevor Smith *,38,6Â ft 3Â in (1.91Â m),Hot Sauce,7â-8,15â-9
Cuba,Yoel Romero *,42,5Â ft 10Â in (1.78Â m),Soldier of God,9â-4,13â-4
Brazil,Marcelo GuimarÃ£es,36,6Â ft 0Â in (1.83Â m),MagrÃ£o,2â-2,9â-2â-1
Brazil,Cezar Ferreira,34,6Â ft 1Â in (1.85Â m),Mutante,9â-6,13â-8
Australia,Robert Whittaker,28,6Â ft 0Â in (1.83Â m),The Reaper,11â-3,20â-5
Jamaica,Uriah Hall,35,6Â ft 0Â in (1.83Â m),Prime Time,8â-7,15â-9
Brazil,AntÃ´nio Braga Neto,32,6Â ft 3Â in (1.91Â m),,1â-2,9â-3 (1 NC)
United States,Kelvin Gastelum,28,5Â ft 9Â in (1.75Â m),,10â-5 (1 NC),15â-5 (1 NC)
United States,Zak Cummings,35,6Â ft 0Â in (1.83Â m),,8â-4,23â-7
Russian Federation,Omari Akhmedov,32,6Â ft 0Â in (1.83Â m),Wolverine,7â-3â-1,19â-4â-1
Poland,Krzysztof Jotko,30,6Â ft 1Â in (1.85Â m),,8â-4,21â-4
Brazil,AntÃ´nio Carlos JÃºnior,29,6Â ft 1Â in (1.85Â m),Cara de Sapato,7â-4 (1 NC),10â-4 (1 NC)
United States,Keith Berish,34,6Â ft 0Â in (1.83Â m),Sha Bang Bang,0â-1 (1 NC),5â-1 (1 NC)
United States,Jared Cannonier,35,5Â ft 11Â in (1.80Â m),Tha Killa Gorilla,6â-4,13â-4
England,Tom Breese,28,6Â ft 3Â in (1.91Â m),The Terror,4â-1,11â-1
England,Darren Till,26,6Â ft 0Â in (1.83Â m),The Gorilla,6â-2â-1,18â-2â-1
Italy,Alessio Di Chirico,29,6Â ft 0Â in (1.83Â m),Manzo,3â-4,12â-4
United States,Andrew Sanchez,31,6Â ft 1Â in (1.85Â m),El Dirte,4â-3,11â-5
United States,Eric Spicely,33,6Â ft 1Â in (1.85Â m),Zebrinha,2â-5,12â-5
Italy,Marvin Vettori,26,6Â ft 0Â in (1.83Â m),The Italian Dream,4â-2â-1,14â-4â-1
Sweden,Jack Hermansson,31,6Â ft 1Â in (1.85Â m),The Joker,7â-3,20â-5
Wales,Jack Marshman,29,6Â ft 0Â in (1.83Â m),The Hammer,3â-4,23â-9
England,Darren Stewart,28,5Â ft 10Â in (1.78Â m),The Dentist,4â-4 (1 NC),11â-4 (1 NC)
United States,Gerald Meerschaert,31,6Â ft 1Â in (1.85Â m),GM3,5â-4,30â-12
Brazil,Paulo Costa,28,6Â ft 0Â in (1.83Â m),The Eraser,5â-0,13â-0
United States,Trevin Giles,27,6Â ft 0Â in (1.83Â m),The Problem,2â-2,11â-2
United States,Eryk Anders,32,6Â ft 2Â in (1.88Â m),Ya Boy,5â-4,13â-4
United States,Karl Roberson,29,6Â ft 1Â in (1.85Â m),Baby K,4â-2,9â-2
Brazil,Markus Perez,29,6Â ft 2Â in (1.88Â m),Maluko,2â-3,12â-3
United States,Julian Marquez,29,6Â ft 2Â in (1.88Â m),The Cuban Missile Crisis,1â-1,7â-2
Nigeria,Israel Adesanya (C),30,6Â ft 4Â in (1.93Â m),The Last Stylebender,7â-0,18â-0
United States,Charles Byrd,36,5Â ft 10Â in (1.78Â m),Kid Dynamite,1â-2,10â-6
Wales,John Phillips,34,5Â ft 11Â in (1.80Â m),The White Mike Tyson,1â-3,22â-9 (1 NC)
Poland,Oskar Piechota,29,6Â ft 0Â in (1.83Â m),ImadÅ‚o,2â-2,11â-2â-1
Morocco,Abu Azaitar,33,5Â ft 10Â in (1.78Â m),Gladiator,1â-0,14â-1â-1 (1 NC)
United States,Kevin Holland,27,6Â ft 3Â in (1.91Â m),Trailblazer,3â-2,16â-5
Russian Federation,Khalid Murtazaliev,26,5Â ft 11Â in (1.80Â m),,1â-0,14â-2
Russian Federation,Adam Yandiev,31,5Â ft 11Â in (1.80Â m),Beard,0â-1,9â-1
United States,Ian Heinisch,31,5Â ft 11Â in (1.80Â m),The Hurricane,2â-1,13â-2
United States,Edmen Shahbazyan,22,6Â ft 2Â in (1.88Â m),,4â-0,11â-0
United States,Bevon Lewis,28,6Â ft 3Â in (1.91Â m),The Extraordinary Gentleman,0â-2,6â-2
United States,Anthony Hernandez,26,6Â ft 0Â in (1.83Â m),Fluffy,1â-1,7â-1 (1 NC)
North Macedonia,Alen Amedovski,31,5Â ft 10Â in (1.78Â m),,0â-2,8â-2
Canada,Marc-AndrÃ© Barriault,29,6Â ft 1Â in (1.85Â m),Power Bar,0â-2,11â-3
United States,Deron Winn,30,5Â ft 7Â in (1.70Â m),,1â-1,6â-1
Brazil,Wellington Turman,23,6Â ft 0Â in (1.83Â m),,1â-1,16â-3
Brazil,Rodolfo Vieira,30,5Â ft 11Â in (1.80Â m),Tha Black Belt Hunter,1â-0,6â-0
South Korea,Jun Yong Park,28,6Â ft 0Â in (1.83Â m),,0â-1,10â-4
Uzbekistan,Makhmud Muradov,29,6Â ft 2Â in (1.88Â m),Mach,1â-0,23â-6
United States,Brendan Allen,23,6Â ft 2Â in (1.88Â m),All In,1â-0,13â-3
Russian Federation,Roman Kopylov,28,6Â ft 0Â in (1.83Â m),,0â-1,8â-1
Brazil,AntÃ´nio Arroyo,30,6Â ft 0Â in (1.83Â m),,0â-1,9â-3
Brazil,AndrÃ© Muniz,29,6Â ft 2Â in (1.88Â m),Sergipano,1â-0,19â-4
United States,Nate Diaz *,34,6Â ft 0Â in (1.83Â m),,18â-11,20â-12
United States,Robbie Lawler *,37,5Â ft 11Â in (1.80Â m),Ruthless,14â-10,28â-14 (1 NC)
United States,Diego Sanchez,37,5Â ft 10Â in (1.78Â m),Nightmare,18â-12,29â-12
Brazil,Thiago Alves,36,5Â ft 9Â in (1.75Â m),Pitbull,15â-11,23â-14
United States,Carlos Condit *,35,6Â ft 2Â in (1.88Â m),The Natural Born Killer,12â-9,30â-13
United States,Matt Brown,38,6Â ft 0Â in (1.83Â m),The Immortal,14â-10,21â-16
Brazil,Demian Maia,42,6Â ft 1Â in (1.85Â m),,22â-9,28â-9
United States,Ben Saunders,36,6Â ft 2Â in (1.88Â m),Killa B,10â-9,22â-12â-2
South Korea,Dong Hyun Kim,38,6Â ft 1Â in (1.85Â m),The Stun Gun,13â-4 (1 NC),22â-4â-1 (1 NC)
Brazil,Rafael dos Anjos,35,5Â ft 8Â in (1.73Â m),,18â-10,29â-12
United States,Anthony Pettis *,32,5Â ft 10Â in (1.78Â m),Showtime,14â-9,22â-9
Germany,Peter Sobotta,32,6Â ft 0Â in (1.83Â m),,4â-5,17â-6â-1
United States,Tyron Woodley *,37,5Â ft 9Â in (1.75Â m),The Chosen One,11â-4â-1,19â-4â-1
United States,Erik Koch *,31,5Â ft 10Â in (1.78Â m),New Breed,8â-6,16â-6
United States,Court McGee,34,5Â ft 11Â in (1.80Â m),The Crusher,8â-8,19â-9
United States,Jorge Masvidal *,35,5Â ft 10Â in (1.78Â m),Gamebred,14â-7,35â-13
Canada,Jordan Mein *,30,6Â ft 0Â in (1.83Â m),Young Gun,7â-5,31â-12
United States,Stephen Thompson,36,6Â ft 0Â in (1.83Â m),Wonderboy,10â-4â-1,15â-4â-1
United States,Tim Means,35,6Â ft 2Â in (1.88Â m),The Dirty Bird,10â-8 (1 NC),28â-11â-1 (1 NC)
Netherlands,Siyar Bahadurzada,35,5Â ft 11Â in (1.80Â m),The Great,4â-4,24â-8â-1
United States,Michael Chiesa,31,6Â ft 1Â in (1.85Â m),Maverick,9â-4,16â-4
Iceland,Gunnar Nelson,31,5Â ft 11Â in (1.80Â m),Gunni,8â-5,17â-5â-1
England,Brad Scott,30,6Â ft 1Â in (1.85Â m),Bear,3â-5,11â-6
Russian Federation,Rustam Khabilov,33,5Â ft 9Â in (1.75Â m),Tiger,10â-3,24â-4
United States,Neil Magny,32,6Â ft 3Â in (1.91Â m),,14â-6,21â-7
Brazil,Michel Prazeres,38,5Â ft 8Â in (1.73Â m),Trator,10â-3,26â-3
United States,James Krause *,33,6Â ft 2Â in (1.88Â m),The James Krause,8â-5,27â-7
United States,James Vick,32,6Â ft 3Â in (1.91Â m),The Texecutioner,9â-5,13â-5
Argentina,Santiago Ponzinibbio,33,6Â ft 0Â in (1.83Â m),Gente Boa,9â-2,27â-3
United States,Anthony Rocco Martin,29,6Â ft 0Â in (1.83Â m),,9â-5,17â-5
Brazil,ClÃ¡udio Silva,37,5Â ft 11Â in (1.80Â m),Hannibal,5â-0,14â-1
United States,Sean Strickland,28,5Â ft 10Â in (1.78Â m),Tarzan,7â-3,20â-3
Canada,Chad Laprise,33,5Â ft 10Â in (1.78Â m),The Disciple,6â-4,13â-4
France,Nordine Taleb,38,6Â ft 1Â in (1.85Â m),,7â-5,15â-7
Canada,Sheldon Westcott,35,6Â ft 1Â in (1.85Â m),,1â-2,9â-3â-1
China,Li Jingliang,31,6Â ft 0Â in (1.83Â m),The Leech,9â-3,17â-5
Brazil,Warlley Alves,28,5Â ft 11Â in (1.80Â m),,7â-4,13â-4
Australia,Jake Matthews,25,5Â ft 9Â in (1.75Â m),The Celtic Kid,8â-4,15â-4
Brazil,Gilbert Burns,33,5Â ft 10Â in (1.78Â m),Durinho,10â-3,17â-3
Brazil,Dhiego Lima,30,6Â ft 2Â in (1.88Â m),,4â-5,15â-7
United States,Alan Jouban,37,6Â ft 0Â in (1.83Â m),Brahma,7â-5,16â-7
United States,Colby Covington,31,5Â ft 11Â in (1.80Â m),Chaos,10â-1,15â-1
Brazil,Alberto Mina,37,6Â ft 0Â in (1.83Â m),Soldier of God,3â-1,13â-1
England,Leon Edwards,28,6Â ft 0Â in (1.83Â m),Rocky,10â-2,18â-3
United States,Bryan Barberena,30,6Â ft 0Â in (1.83Â m),Bam Bam,5â-5,14â-7
Brazil,Alex Oliveira,31,5Â ft 11Â in (1.80Â m),Cowboy,9â-6 (1 NC),19â-8â-1 (2 NC)
Poland,Bartosz FabiÅ„ski,33,6Â ft 0Â in (1.83Â m),The Butcher,3â-1,14â-3
Brazil,Elizeu Zaleski dos Santos,33,5Â ft 11Â in (1.80Â m),Capoeira,7â-2,21â-6
Denmark,Nicolas Dalby,35,5Â ft 11Â in (1.80Â m),Lokomotivo,2â-2â-1,18â-3â-1 (1 NC)
Nigeria,Kamaru Usman (C),32,6Â ft 0Â in (1.83Â m),The Nigerian Nightmare,10â-0,15â-1
Brazil,Vicente Luque,28,5Â ft 11Â in (1.80Â m),The Silent Assassin,10â-3,17â-7â-1
United States,Lyman Good,34,6Â ft 0Â in (1.83Â m),Cyborg,3â-2,21â-5 (1 NC)
England,Danny Roberts,32,6Â ft 0Â in (1.83Â m),Hot Chocolate,6â-4,17â-5
United States,Nathan Coy,41,5Â ft 10Â in (1.78Â m),Soulforce,1â-2,15â-7
United States,Alex Morono,29,5Â ft 11Â in (1.80Â m),The Great White,6â-2 (1 NC),17â-5 (1 NC)
United States,Randy Brown,29,6Â ft 3Â in (1.91Â m),Rude Boy,6â-3,12â-3
United States,Mickey Gall,27,6Â ft 2Â in (1.88Â m),,5â-2,6â-2
United States,Mike Jackson,34,6Â ft 2Â in (1.88Â m),The Truth,1â-1,1â-1
Brazil,Luan Chagas,26,5Â ft 11Â in (1.80Â m),Tarzan,1â-2â-1,15â-3â-1
United States,Belal Muhammad,31,5Â ft 10Â in (1.78Â m),Remember the Name,7â-3,16â-3
United States,Mike Perry,28,5Â ft 10Â in (1.78Â m),Platinum,6â-5,13â-5
United States,Max Griffin,34,6Â ft 0Â in (1.83Â m),Pain,3â-5,15â-7
United States,CM Punk,41,6Â ft 2Â in (1.88Â m),CM Punk,0â-2,0â-2
United States,Zak Ottow,32,5Â ft 11Â in (1.80Â m),The Barbarian,4â-4,17â-7
Ghana,Abdul Razak Alhassan,34,5Â ft 10Â in (1.78Â m),Judo Thunder,4â-1,10â-1
Norway,Emil Weber Meek,31,5Â ft 11Â in (1.80Â m),Valhalla,1â-2,9â-4 (1 NC)
United States,Niko Price,30,6Â ft 0Â in (1.83Â m),The Hybrid,6â-3 (1 NC),14â-3 (1 NC)
New Zealand,Luke Jumeau,31,5Â ft 11Â in (1.80Â m),The Jedi,2â-2,13â-5
Russian Federation,Ramazan Emeev,32,5Â ft 10Â in (1.78Â m),Gorets,3â-1,18â-4
Poland,Salim Touahri,30,5Â ft 11Â in (1.80Â m),Grizzly,0â-3,10â-4
China,Song Kenan,29,6Â ft 0Â in (1.83Â m),The Assassin,3â-1,15â-5
Russian Federation,Muslim Salikhov,35,5Â ft 11Â in (1.80Â m),King of Kung Fu,3â-1,16â-2
United States,Geoff Neal,29,5Â ft 11Â in (1.80Â m),Handz of Steel,4â-0,12â-2
United States,Chance Rencountre,32,6Â ft 2Â in (1.88Â m),Black Eagle,2â-2,14â-4
Mexico,Hector Aldana,31,5Â ft 9Â in (1.75Â m),El Charro,0â-3,4â-3
Germany,David Zawada,29,6Â ft 0Â in (1.83Â m),Sagat,1â-2,17â-5
Russian Federation,Alexey Kunchenko,35,5Â ft 10Â in (1.78Â m),,2â-1,20â-1
Serbia,Stefan SekuliÄ‡,27,6Â ft 1Â in (1.85Â m),,0â-1,12â-3
Brazil,Luigi Vendramini,23,5Â ft 8Â in (1.73Â m),The Italian Stallion,0â-1,8â-1
Argentina,Laureano Staropoli,26,6Â ft 0Â in (1.83Â m),Pepi,2â-1,9â-2
United States,Dwight Grant,35,6Â ft 1Â in (1.85Â m),,2â-1,10â-2
Austria,Ismail Naurdiev,23,6Â ft 0Â in (1.83Â m),The Austrian Wonderboy,2â-1,19â-3
Australia,Callan Potter,35,6Â ft 1Â in (1.85Â m),The Rockstar,1â-1,18â-8
Russian Federation,Zelim Imadaev,24,6Â ft 0Â in (1.83Â m),,0â-2,8â-2
Japan,Takashi Sato,29,5Â ft 10Â in (1.78Â m),,1â-1,15â-3
Brazil,Michel Pereira,26,6Â ft 2Â in (1.88Â m),Demolidor,1â-1,23â-10 (2 NC)
Russian Federation,Sergey Khandozhko,27,6Â ft 1Â in (1.85Â m),Honda,1â-1,26â-6â-1
Sweden,Rostem Akman,27,6Â ft 0Â in (1.83Â m),Kurdimus Prime,0â-2,6â-2
United States,Cole Williams,35,6Â ft 0Â in (1.83Â m),,0â-1,11â-2
Canada,Tristan Connelly,33,5Â ft 11Â in (1.80Â m),Boondock,1â-0,14â-6
United States,Maki Pitolo,29,5Â ft 9Â in (1.75Â m),Coconut Bombz,0â-1,12â-5
United States,Miguel Baeza,27,6Â ft 2Â in (1.88Â m),Caramel Thunder,1â-0,8â-0
United States,Sean Brady,27,5Â ft 9Â in (1.75Â m),,1â-0,11â-0
Russian Federation,Abubakar Nurmagomedov,30,5Â ft 11Â in (1.80Â m),,0â-1,15â-3â-1
United States,Matt Wiman,36,5Â ft 10Â in (1.78Â m),Handsome,10â-6,16â-8
United States,Clay Guida *,37,5Â ft 7Â in (1.70Â m),The Carpenter,16â-13,35â-19
United States,Joe Lauzon,35,5Â ft 10Â in (1.78Â m),J-Lau,15â-12,28â-15
United States,Donald Cerrone *,36,6Â ft 0Â in (1.83Â m),Cowboy,29â-13 (1 NC),36â-13 (1 NC)
South Korea,Dong Hyun Ma,31,5Â ft 11Â in (1.80Â m),The Maestro,3â-4,16â-10â-3
United States,Jim Miller,36,5Â ft 8Â in (1.73Â m),,20â-12 (1 NC),31â-13 (1 NC)
United States,Nik Lentz,35,5Â ft 8Â in (1.73Â m),The Carny,14â-7â-1 (1 NC),30â-10â-2 (1 NC)
Brazil,Charles Oliveira,30,5Â ft 10Â in (1.78Â m),Do Bronx,16â-8 (1 NC),28â-8 (1 NC)
United States,Dustin Poirier *,30,5Â ft 9Â in (1.75Â m),The Diamond,18â-6 (1 NC),25â-6 (1 NC)
Brazil,Edson Barboza,33,5Â ft 11Â in (1.80Â m),Junior,14â-8,20â-8
United States,Michael Johnson,33,5Â ft 9Â in (1.75Â m),The Menace,11â-11,19â-15
United States,Kurt Holobaugh *,33,5Â ft 11Â in (1.80Â m),,0â-5,17â-7 (1 NC)
Canada,John Makdessi,34,5Â ft 8Â in (1.73Â m),The Bull,10â-6,17â-6
United States,Tony Ferguson,35,5Â ft 11Â in (1.80Â m),El Cucuy,15â-1,25â-3
United States,Bobby Green *,33,5Â ft 10Â in (1.78Â m),King,9â-6â-1,24â-10â-1
United States,Al Iaquinta,32,5Â ft 7Â in (1.70Â m),Raging,9â-5,14â-6â-1
Brazil,Francisco Trinaldo,41,5Â ft 9Â in (1.75Â m),Massaranduba,14â-6,24â-7
United States,Drew Dober,31,5Â ft 8Â in (1.73Â m),,7â-5 (1 NC),21â-9 (1 NC)
United States,Vinc Pichel,37,5Â ft 10Â in (1.78Â m),From Hell,5â-2,12â-2
United States,Yancy Medeiros *,32,5Â ft 11Â in (1.80Â m),The Kid,6â-6 (1 NC),15â-6 (1 NC)
Brazil,Leonardo Santos,39,6Â ft 1Â in (1.85Â m),,6â-0â-1,17â-3â-1
Brazil,Alan Patrick,36,5Â ft 11Â in (1.80Â m),Nuguette,5â-2,15â-2
Russian Federation,Mairbek Taisumov,31,5Â ft 9Â in (1.75Â m),Beckan,7â-2,27â-6
Iran,Beneil Dariush,30,5Â ft 10Â in (1.78Â m),,11â-4â-1,17â-4â-1
United States,Kevin Lee,27,5Â ft 9Â in (1.75Â m),The Motown Phenom,11â-5,18â-5
Canada,Olivier Aubin-Mercier,30,5Â ft 9Â in (1.75Â m),The Quebec Kid,7â-5,11â-5
United States,Alex White,31,6Â ft 0Â in (1.83Â m),The Spartan,4â-6,13â-6
Russian Federation,Alexander Yakovlev,35,6Â ft 3Â in (1.91Â m),Thunder of the North,3â-5,25â-10â-1
New Zealand,Dan Hooker,29,6Â ft 0Â in (1.83Â m),The Hangman,9â-4,19â-8
Brazil,Carlos Diego Ferreira,34,5Â ft 8Â in (1.73Â m),,7â-2,16â-2
United States,Paul Felder,34,5Â ft 11Â in (1.80Â m),The Irish Dragon,9â-4,17â-4
United States,Gregor Gillespie,32,5Â ft 9Â in (1.75Â m),The Gift,6â-1,13â-1
Scotland,Stevie Ray,29,5Â ft 10Â in (1.78Â m),Braveheart,7â-4,23â-9
Finland,Teemu PackalÃ©n,32,6Â ft 1Â in (1.85Â m),Pacu,1â-3,8â-3
Russian Federation,Islam Makhachev,28,5Â ft 10Â in (1.78Â m),,7â-1,18â-1
Russian Federation,Magomed Mustafaev,31,5Â ft 9Â in (1.75Â m),,3â-1,14â-2
Ireland,Joseph Duffy,31,5Â ft 10Â in (1.78Â m),Irish Joe,4â-3,16â-4
United States,Scott Holtzman,36,5Â ft 9Â in (1.75Â m),Hot Sauce,6â-3,13â-3
Brazil,Joaquim Silva,30,5Â ft 8Â in (1.73Â m),Netto BJJ,4â-2,11â-2
United States,Chris Gruetzemacher,33,5Â ft 8Â in (1.73Â m),Gritz,2â-2,14â-3
Sweden,David Teymur,30,5Â ft 9Â in (1.75Â m),,5â-1,8â-2
France,Thibault Gouti,32,5Â ft 10Â in (1.78Â m),GT,1â-5,12â-5
Bosnia and Herzegovina,Damir HadÅ¾oviÄ‡,33,5Â ft 11Â in (1.80Â m),The Bosnian Bomber,3â-3,13â-5
United States,Darrell Horcher,32,5Â ft 10Â in (1.78Â m),The Saint,1â-3,13â-4
United States,Lando Vannata,27,5Â ft 9Â in (1.75Â m),Groovy,2â-4â-2,10â-4â-2
Germany,Jessin Ayari,27,6Â ft 0Â in (1.83Â m),Abacus,1â-2,16â-5
United States,Jason Gonzalez,29,6Â ft 2Â in (1.88Â m),Nicoya,1â-3,11â-5
England,Marc Diakiese,26,5Â ft 10Â in (1.78Â m),Bonecrusher,5â-3,14â-3
Peru,Claudio Puelles,23,5Â ft 11Â in (1.80Â m),El NiÃ±o,2â-1,9â-2
United States,Drakkar Klose,31,5Â ft 8Â in (1.73Â m),,5â-1,11â-1â-1
Brazil,Davi Ramos,33,5Â ft 8Â in (1.73Â m),Tasmanian Devil,4â-2,10â-3
United States,Desmond Green,30,5Â ft 10Â in (1.78Â m),The Predator,4â-3,23â-8
United States,Jared Gordon,31,5Â ft 9Â in (1.75Â m),Flash,3â-3,15â-4
United States,Justin Gaethje,31,5Â ft 11Â in (1.80Â m),The Highlight,4â-2,21â-2
Guam,Frank Camacho,30,5Â ft 9Â in (1.75Â m),The Crank,2â-4,22â-8
United States,Alex Reyes,33,5Â ft 11Â in (1.80Â m),The Executioner,0â-1,13â-3
Germany,Nasrat Haqparast,24,5Â ft 10Â in (1.78Â m),,3â-1,11â-2
United States,Matt Frevola,29,5Â ft 9Â in (1.75Â m),Steamrolla,2â-1â-1,8â-1â-1
United States,Alexander Hernandez,27,5Â ft 9Â in (1.75Â m),The Great,3â-1,11â-2
United States,John Gunther,34,5Â ft 9Â in (1.75Â m),The Machine,1â-1,5â-1
Costa Rica,Allan Zuniga,27,5Â ft 7Â in (1.70Â m),Trigre,0â-1,13â-1
Italy,Luis PeÃ±a,26,6Â ft 3Â in (1.91Â m),Violent Bob Ross,3â-2,7â-2
United States,Christos Giagos,29,5Â ft 10Â in (1.78Â m),The Spartan,3â-4,17â-8
United States,Te Edwards,29,5Â ft 8Â in (1.73Â m),T,0â-2,6â-3
South Africa,Don Madge,29,6Â ft 0Â in (1.83Â m),Magic Man,2â-0,9â-3â-1
United States,Devonte Smith,26,5Â ft 8Â in (1.73Â m),King Kage,2â-1,10â-2
Brazil,Thiago Moises,24,5Â ft 9Â in (1.75Â m),,1â-2,12â-4
United States,Roosevelt Roberts,25,6Â ft 1Â in (1.85Â m),The Predator,3â-1,9â-1
United States,Jalin Turner,24,6Â ft 3Â in (1.91Â m),The Tarantula,1â-2,8â-5
Russian Federation,Damir Ismagulov,28,5Â ft 10Â in (1.78Â m),,3â-0,19â-1
Brazil,Marcos Rosa Mariano,33,6Â ft 1Â in (1.85Â m),Dhalsim,0â-2,6â-6
Spain,Joel Alvarez,26,6Â ft 0Â in (1.83Â m),El Fenomeno,1â-1,16â-2
Kyrgyzstan,Rafael Fiziev,26,5Â ft 8Â in (1.73Â m),Ataman,1â-1,7â-1
Brazil,Alex da Silva Coelho,23,5Â ft 10Â in (1.78Â m),Leko,1â-1,21â-2
Armenia,Arman Tsarukyan,23,5Â ft 9Â in (1.75Â m),,1â-1,14â-2
Canada,Kyle Prepolec,30,5Â ft 10Â in (1.78Â m),,0â-2,12â-7
United States,Mike Davis,27,6Â ft 0Â in (1.83Â m),Beast Boy,1â-1,8â-2
United States,Austin Hubbard,27,5Â ft 10Â in (1.78Â m),,1â-1,11â-3
Canada,Charles Jourdain,24,5Â ft 9Â in (1.75Â m),Air,0â-1,9â-2
Mexico,Rodrigo Vargas,34,5Â ft 7Â in (1.70Â m),Kazula,0â-1,10â-3
United States,Khama Worthy,33,5Â ft 11Â in (1.80Â m),The Deathstar,1â-0,15â-6
France,Fares Ziam,22,6Â ft 0Â in (1.83Â m),Smile Killer,0â-1,10â-3
Morocco,Ottman Azaitar,29,5Â ft 7Â in (1.70Â m),Bulldozer,1â-0,12â-0
Denmark,Mark Madsen,35,5Â ft 10Â in (1.78Â m),The Olympian,1â-0,9â-0
New Zealand,Brad Riddell,28,5Â ft 8Â in (1.73Â m),Quake,1â-0,7â-1
Australia,Jamie Mullarkey,25,5Â ft 8Â in (1.73Â m),,0â-1,12â-3
United States,Jonathan Pearce,27,5Â ft 11Â in (1.80Â m),JSP,0â-1,9â-4
United States,Frankie Edgar,38,5Â ft 6Â in (1.68Â m),The Answer,17â-7â-1,23â-7â-1
United States,Cub Swanson *,36,5Â ft 7Â in (1.70Â m),Killer,16â-10,26â-11
United States,Jeremy Stephens,33,5Â ft 8Â in (1.73Â m),Lil' Heathen,15â-16 (1 NC),28â-17 (1 NC)
Brazil,JosÃ© Aldo *,33,5Â ft 7Â in (1.70Â m),Junior,18â-4,28â-5
United States,Ricardo Lamas *,37,5Â ft 7Â in (1.70Â m),The Bully,14â-8,19â-8
United States,Darren Elkins,35,5Â ft 10Â in (1.78Â m),The Damage,14â-7,24â-8
South Korea,Chan Sung Jung *,32,5Â ft 9Â in (1.75Â m),The Korean Zombie,5â-4,15â-5
Brazil,Renan BarÃ£o *,32,5Â ft 6Â in (1.68Â m),The Baron,11â-8,34â-9 (1 NC)
United States,Alex Caceres,31,5Â ft 10Â in (1.78Â m),Bruce Leeroy,10â-10 (1 NC),15â-12 (1 NC)
United States,Max Holloway (C),27,5Â ft 11Â in (1.80Â m),Blessed,17â-4,21â-4
Brazil,Douglas Silva de Andrade,34,5Â ft 7Â in (1.70Â m),D'Silva,4â-3,26â-3 (1 NC)
United States,Andre Fili,29,5Â ft 11Â in (1.80Â m),Touchy,8â-5,20â-6
Russian Federation,Zubaira Tukhugov,28,5Â ft 8Â in (1.73Â m),Warrior,3â-1â-1,18â-4â-1
Bosnia and Herzegovina,Mirsad BektiÄ‡,28,5Â ft 8Â in (1.73Â m),,6â-2,13â-2
United States,Chas Skelly,34,5Â ft 11Â in (1.80Â m),The Scrapper,7â-4,18â-4
United States,Brian Ortega,28,5Â ft 8Â in (1.73Â m),T-City,6â-1 (1 NC),14â-1 (1 NC)
United States,Charles Rosa,33,5Â ft 9Â in (1.75Â m),Boston Strong,3â-3,12â-3
Mexico,Gabriel BenÃ­tez,31,5Â ft 8Â in (1.73Â m),Moggly,5â-3,21â-7
Mexico,Yair RodrÃ­guez,27,5Â ft 11Â in (1.80Â m),El Pantera,8â-1 (1 NC),13â-2 (1 NC)
South Korea,Doo Ho Choi,28,5Â ft 10Â in (1.78Â m),The Korean Superboy,3â-2,14â-3
Brazil,Renato Moicano,30,5Â ft 11Â in (1.80Â m),Moicano,5â-3,13â-3â-1
Finland,Makwan Amirkhani,31,5Â ft 10Â in (1.78Â m),Mr. Finland,5â-2,15â-4
England,Arnold Allen,25,5Â ft 8Â in (1.73Â m),Almighty,6â-0,15â-1
Peru,Enrique Barzola,30,5Â ft 7Â in (1.70Â m),El Fuerte,6â-3,16â-5â-1
United States,Ryan Hall,34,5Â ft 10Â in (1.78Â m),The Wizard,4â-0,8â-1
United States,Kyle Bochniak,32,5Â ft 7Â in (1.70Â m),Crash,2â-5,8â-5
United States,Josh Emmett,34,5Â ft 7Â in (1.70Â m),,6â-2,15â-2
Mexico,Polo Reyes,35,5Â ft 11Â in (1.80Â m),El Toro,4â-4,8â-7
United States,Rick Glenn,30,6Â ft 0Â in (1.83Â m),The Gladiator,3â-3,21â-6â-1
Mexico,Martin Bravo,26,5Â ft 8Â in (1.73Â m),El Toro,1â-3,11â-3
Australia,Alexander Volkanovski,31,5Â ft 6Â in (1.68Â m),The Great,7â-0,20â-1
United States,Shane Burgos,28,5Â ft 11Â in (1.80Â m),Hurricane,6â-1,13â-1
Brazil,Ricardo Ramos,24,5Â ft 9Â in (1.75Â m),,5â-1,14â-2
Canada,Gavin Tucker,33,5Â ft 7Â in (1.70Â m),The Newfoundland Terror,2â-1,11â-1
Sweden,Daniel Teymur,31,5Â ft 7Â in (1.70Â m),Kid Dynamite,1â-3,7â-3
Scotland,Danny Henry,31,5Â ft 11Â in (1.80Â m),The Hatchet,2â-1,12â-3
United States,Calvin Kattar,31,5Â ft 11Â in (1.80Â m),The Boston Finisher,4â-2,20â-4
Russian Federation,Zabit Magomedsharipov,28,6Â ft 1Â in (1.85Â m),Za Beast,6â-0,18â-1
United States,Brandon Davis,29,5Â ft 10Â in (1.78Â m),Killer B,2â-5,10â-8
New Zealand,Shane Young,26,5Â ft 8Â in (1.73Â m),Sugar,2â-1,13â-4
China,Wang Guan,33,5Â ft 11Â in (1.80Â m),The Dongbei Tiger,1â-0,17â-1â-1
United States,Julio Arce,30,5Â ft 7Â in (1.70Â m),,3â-2,16â-4
United States,Dan Ige,28,5Â ft 7Â in (1.70Â m),Dynamite,4â-1,12â-2
United States,Steven Peterson,29,5Â ft 9Â in (1.75Â m),Ocho,2â-3,18â-9
Canada,Hakeem Dawodu,28,5Â ft 8Â in (1.73Â m),Mean,4â-1,11â-1â-1
United States,Michael Trizano,27,5Â ft 11Â in (1.80Â m),The Lone Wolf,2â-1,8â-1
United States,Bryce Mitchell,25,5Â ft 10Â in (1.78Â m),Thug Nasty,2â-0,11â-0
England,Nad Narimani,32,5Â ft 8Â in (1.73Â m),,2â-1,12â-3
United States,Matt Sayles,25,5Â ft 7Â in (1.70Â m),Robo,1â-1,8â-2
Canada,Kyle Nelson,28,5Â ft 11Â in (1.80Â m),The Monster,1â-2,13â-3
England,Chris Fishgold,27,5Â ft 8Â in (1.73Â m),,1â-2,18â-3â-1
United States,Kevin Aguilar,31,5Â ft 7Â in (1.70Â m),The Angel of Death,2â-1,17â-2
Australia,Suman Mokhtarian,27,5Â ft 10Â in (1.78Â m),,0â-1,8â-1
Nigeria,Sodiq Yusuff,26,5Â ft 9Â in (1.75Â m),Super,3â-0,10â-1
United States,Jordan Griffin,29,5Â ft 10Â in (1.78Â m),The Native Psycho,0â-2,17â-7
Brazil,Kron Gracie,31,5Â ft 9Â in (1.75Â m),Ice Cream,1â-1,5â-1
United States,Grant Dawson,25,5Â ft 10Â in (1.78Â m),The Prophet,2â-0,14â-1
England,Mike Grundy,32,5Â ft 8Â in (1.73Â m),,1â-0,12â-1
Russian Federation,Movsar Evloev,27,5Â ft 8Â in (1.73Â m),,2â-0,12â-0
South Korea,Seung Woo Choi,27,5Â ft 11Â in (1.80Â m),,0â-2,7â-3
Uruguay,Luiz Eduardo Garagorri,30,5Â ft 10Â in (1.78Â m),,1â-1,13â-1
England,Lerone Murphy,28,5Â ft 10Â in (1.78Â m),The Miracle,0â-0â-1,8â-0â-1
Georgia (country),Giga Chikadze,31,6Â ft 0Â in (1.83Â m),,1â-0,8â-2
United States,Sean Woodson,27,6Â ft 2Â in (1.88Â m),The Sniper,1â-0,7â-0
United States,Urijah Faber *,40,5Â ft 6Â in (1.68Â m),The California Kid,20â-9,35â-10
United States,Eddie Wineland *,35,5Â ft 8Â in (1.73Â m),,10â-9,24â-13â-1
Brazil,Rani Yahya *,35,5Â ft 6Â in (1.68Â m),,15â-7 (1 NC),26â-10 (1 NC)
United States,Dominick Cruz *,34,5Â ft 8Â in (1.73Â m),Dominator,12â-2,22â-2
Brazil,Raphael AssunÃ§Ã£o *,37,5Â ft 5Â in (1.65Â m),,14â-6,27â-7
Brazil,Iuri AlcÃ¢ntara *,39,5Â ft 9Â in (1.75Â m),MarajÃ³,11â-7 (1 NC),35â-10 (1 NC)
Brazil,Johnny Eduardo,39,5Â ft 8Â in (1.73Â m),,3â-4,28â-12
United States,John Dodson,35,5Â ft 3Â in (1.60Â m),The Magician,9â-6,20â-11
United States,TJ Dillashaw,33,5Â ft 6Â in (1.68Â m),,12â-4,16â-4
Canada,Mitch Gagnon,35,5Â ft 5Â in (1.65Â m),,4â-4,12â-5
South Korea,Kang Kyung-ho,32,5Â ft 9Â in (1.75Â m),Mr. Perfect,5â-2 (1 NC),16â-8 (1 NC)
England,Davey Grant,33,5Â ft 8Â in (1.73Â m),Dangerous,2â-3,11â-4
Japan,Teruto Ishihara,28,5Â ft 7Â in (1.70Â m),Yashabo,3â-5â-1,10â-7â-2
United States,Aljamain Sterling,30,5Â ft 7Â in (1.70Â m),Funk Master,10â-3,18â-3
Brazil,Pedro Munhoz,33,5Â ft 6Â in (1.68Â m),The Young Punisher,8â-4 (1 NC),18â-4 (1 NC)
United States,Ray Borg,26,5Â ft 4Â in (1.63Â m),The Tazmexican Devil,6â-4,12â-4
United States,Patrick Williams,38,5Â ft 8Â in (1.73Â m),The Animal,1â-3,8â-6
United States,Louis Smolka,28,5Â ft 9Â in (1.75Â m),Da Last Samurai,7â-6,16â-6
United States,Rob Font,32,5Â ft 8Â in (1.73Â m),,6â-3,16â-4
United States,Frankie Saenz,39,5Â ft 6Â in (1.68Â m),,5â-4,13â-6
Brazil,Thomas Almeida,28,5Â ft 7Â in (1.70Â m),Thominhas,5â-3,21â-3
Argentina,Guido Cannetti,39,5Â ft 6Â in (1.68Â m),Ninja,2â-3,8â-4
Mexico,Alejandro PÃ©rez,30,5Â ft 6Â in (1.68Â m),Turbo,7â-3â-1,21â-8â-1
Mexico,JosÃ© Alberto QuiÃ±Ã³nez,29,5Â ft 8Â in (1.73Â m),Teco,5â-2,8â-2
Ecuador,Marlon Vera,26,5Â ft 8Â in (1.73Â m),Chito,9â-4,15â-5â-1
United States,Henry Cejudo (C),32,5Â ft 4Â in (1.63Â m),The Messenger,9â-2,15â-2
United States,Cody Garbrandt,28,5Â ft 7Â in (1.70Â m),No Love,6â-3,11â-3
United States,Jimmie Rivera,30,5Â ft 4Â in (1.63Â m),El Terror,6â-3,22â-4
United States,Luke Sanders,33,5Â ft 7Â in (1.70Â m),Cool Hand,3â-2,13â-2
United States,Matthew Lopez,32,5Â ft 7Â in (1.70Â m),,2â-4,10â-4
Wales,Brett Johns,27,5Â ft 7Â in (1.70Â m),The Pikey,3â-2,15â-2
South Korea,Kwan Ho Kwak,30,5Â ft 7Â in (1.70Â m),Handsome,0â-2,9â-2
Canada,Aiemann Zahabi,32,5Â ft 8Â in (1.73Â m),,1â-2,7â-2
United States,Brian Kelleher,33,5Â ft 6Â in (1.68Â m),Boom,3â-3,19â-10
Brazil,Marlon Moraes,31,5Â ft 6Â in (1.68Â m),Magic,4â-2,22â-6â-1
United States,Cody Stamann,30,5Â ft 6Â in (1.68Â m),The Spartan,4â-1,18â-2
India,Bharat Kandare,30,5Â ft 7Â in (1.70Â m),Daring,0â-1,5â-3
United States,Cory Sandhagen,27,5Â ft 11Â in (1.80Â m),,5â-0,12â-1
China,Song Yadong,24,5Â ft 6Â in (1.68Â m),The Terminator,4â-0,14â-3 (2 NC)
China,Wuliji Buren,29,5Â ft 8Â in (1.73Â m),Beast Master,0â-3,9â-6
United States,Sean O'Malley,25,5Â ft 11Â in (1.80Â m),Sugar,2â-0,10â-0
Georgia (country),Merab Dvalishvili,28,5Â ft 6Â in (1.68Â m),,2â-2,9â-4
United States,Benito Lopez,25,5Â ft 10Â in (1.78Â m),Golden Boy,2â-1,10â-1
United States,Alex Perez,27,5Â ft 4Â in (1.63Â m),,3â-1,21â-5
England,Nathaniel Wood,26,5Â ft 6Â in (1.68Â m),The Prospect,3â-0,16â-3
Canada,Brad Katona,27,5Â ft 6Â in (1.68Â m),Superman,2â-2,8â-2
Brazil,Raoni Barcelos,32,5Â ft 7Â in (1.70Â m),,3â-1,14â-1
Russian Federation,Petr Yan,26,5Â ft 7Â in (1.70Â m),No Mercy,5â-0,13â-1
Russian Federation,Said Nurmagomedov,27,5Â ft 8Â in (1.73Â m),,2â-0,13â-1
China,Liu Pingyuan,26,5Â ft 6Â in (1.68Â m),,2â-1,13â-6
Germany,Khalid Taha,27,5Â ft 7Â in (1.70Â m),[424],2â-1,14â-2
United States,Montel Jackson,27,5Â ft 10Â in (1.78Â m),Quik,2â-1,8â-3
South Korea,Jin Soo Son,26,5Â ft 6Â in (1.68Â m),,0â-2,9â-4
United States,Andre Ewell,31,5Â ft 11Â in (1.80Â m),Mr. Highlight,2â-2,15â-6
United States,Jonathan Martinez,33,5Â ft 7Â in (1.70Â m),Dragon,2â-1,11â-2
Brazil,Anderson dos Santos,34,5Â ft 7Â in (1.70Â m),Berinja,0â-2,20â-8
China,Su Mudaerji,23,5Â ft 8Â in (1.73Â m),Tibetan Eagle,1â-1,12â-4
United States,Martin Day,31,5Â ft 9Â in (1.75Â m),The Spartan,0â-1,8â-3
United States,Vince Morales,29,5Â ft 7Â in (1.70Â m),Vandetta,1â-2,9â-4
United States,Chris GutiÃ©rrez,28,5Â ft 8Â in (1.73Â m),El Guapo,2â-1,14â-4
United States,Mario Bautista,26,5Â ft 9Â in (1.75Â m),,1â-1,7â-1
Brazil,Geraldo de Freitas,28,5Â ft 9Â in (1.75Â m),Espartano,1â-1,12â-5
Brazil,Felipe Colares,25,5Â ft 9Â in (1.75Â m),CabocÃ£o,1â-1,9â-1
United States,Casey Kenney,28,,,2â-0,13â-1â-1)
United States,Randy Costa,25,5Â ft 10Â in (1.78Â m),The Zohan,1â-1,5â-1
United States,Boston Salmon,29,5Â ft 9Â in (1.75Â m),Bom Bom,0â-2,6â-3
Canada,Cole Smith,30,5Â ft 11Â in (1.80Â m),The Cole Train,1â-1,7â-1
Peru,Carlos Huachin,23,5Â ft 7Â in (1.70Â m),Perro Malo,0â-2,10â-5â-2
Russian Federation,Grigory Popov,35,5Â ft 6Â in (1.68Â m),,0â-2,13â-3
United States,Journey Newson,30,5Â ft 5Â in (1.65Â m),,0â-1,7â-2
Brazil,Gabriel Silva,25,5Â ft 6Â in (1.68Â m),Gabito,0â-1,8â-1
United States,Domingo Pilarte,29,6Â ft 0Â in (1.83Â m),Son of Fire,0â-1,8â-2
China,Heili Alateng,27,5Â ft 6Â in (1.68Â m),,1â-0,13â-7â-1
Mongolia,Danaa Batgerel,30,5Â ft 8Â in (1.73Â m),,0â-1,6â-2
United States,Hunter Azure,27,5Â ft 8Â in (1.73Â m),,1â-0,8â-0
United States,Miles Johns,25,5Â ft 7Â in (1.70Â m),Chapo,1â-0,10â-0
Wales,Jack Shore,24,5Â ft 9Â in (1.75Â m),Tank,1â-0,12â-0
Brazil,Bruno Gustavo da Silva,29,5Â ft 4Â in (1.63Â m),Bulldog,0â-1,10â-4â-2
United States,Joseph Benavidez *,35,5Â ft 4Â in (1.63Â m),,19â-5,27â-5
United States,Tim Elliott,32,5Â ft 7Â in (1.70Â m),,4â-7,15â-9â-1
Brazil,Jussier Formiga,34,5Â ft 5Â in (1.65Â m),Formiga,9â-4,23â-5
United States,Ryan Benoit,30,5Â ft 5Â in (1.65Â m),Baby Face,3â-3,10â-5
United States,Henry Cejudo (C),32,5Â ft 4Â in (1.63Â m),The Messenger,9â-2,15â-2
Mexico,Brandon Moreno,25,5Â ft 4Â in (1.63Â m),The Assassin Baby,4â-2â-1,15â-5â-1
United States,Matt Schnell,29,5Â ft 8Â in (1.73Â m),Danger,4â-2,13â-4
Brazil,Alexandre Pantoja,29,5Â ft 5Â in (1.65Â m),The Cannibal,5â-2,21â-4
United States,Mark De La Rosa,25,5Â ft 6Â in (1.68Â m),The Bumblebee,2â-2,11â-2
Brazil,Deiveson  Figueiredo,31,5Â ft 5Â in (1.65Â m),Deus da Guerra,5â-1,16â-1
New Zealand,Kai Kara-France,26,5Â ft 5Â in (1.65Â m),Don't Blink,3â-0,20â-7 (1 NC)
Brazil,RogÃ©rio Bontorin,27,5Â ft 5Â in (1.65Â m),,2â-0,16â-1 (1 NC)
Brazil,Raulian Paiva FranzÃ£o,24,5Â ft 6Â in (1.68Â m),,0â-2,18â-3
United States,Jordan Espinosa,30,5Â ft 7Â in (1.70Â m),,1â-1,14â-6 (1 NC)
Russian Federation,Askar Askarov,27,5Â ft 5Â in (1.65Â m),Bullet,0â-0â-1,10â-0â-1
United States,Tyson Nam,36,5Â ft 7Â in (1.70Â m),,0â-1,18â-10
Brazil,Amanda Nunes* (C),31,5Â ft 8Â in (1.73Â m),The Lioness,12â-2,18â-4
United States,Holly Holm,38,5Â ft 8Â in (1.73Â m),The Preacher's Daughter,5â-5,12â-5
Australia,Megan Anderson,29,6Â ft 0Â in (1.83Â m),,2â-2,10â-4
United States,Leah Letson,27,5Â ft 7Â in (1.70Â m),Nidas,1â-0,4â-1
Lithuania,Julija Stoliarenko,26,5Â ft 7Â in (1.70Â m),,0â-1,4â-2
Canada,Felicia Spencer,29,5Â ft 6Â in (1.68Â m),Feenom,1â-1,7â-1
France,Zarah Fairn dos Santos,26,5Â ft 10Â in (1.78Â m),Infinite,0â-1,6â-3
Netherlands,Germaine de Randamie *,35,5Â ft 9Â in (1.75Â m),The Iron Lady,7â-2,9â-3
United States,Sara McMann,39,5Â ft 6Â in (1.68Â m),,5â-5,11â-5
Brazil,Amanda Nunes * (C),31,5Â ft 8Â in (1.73Â m),The Lioness,12â-2,18â-4
United States,Raquel Pennington,31,5Â ft 7Â in (1.70Â m),Rocky,7â-4,10â-5
United States,Julianna PeÃ±a,30,5Â ft 7Â in (1.70Â m),The Venezuelan Vixen,5â-1,9â-3
Brazil,Bethe Correia,36,5Â ft 5Â in (1.65Â m),Pitbull,5â-4â-1,11â-4â-1
Canada,Sarah Moras,31,5Â ft 7Â in (1.70Â m),Cheesecake,3â-4,6â-5
United States,Marion Reneau,42,5Â ft 6Â in (1.68Â m),The Belizean Bruiser,5â-4â-1,9â-5â-1
United States,Holly Holm,38,5Â ft 8Â in (1.73Â m),The Preacher's Daughter,5â-5,12â-5
Sweden,Lina LÃ¤nsberg,37,5Â ft 7Â in (1.70Â m),Elbow Queen,4â-3,10â-4
Brazil,Ketlen Vieira,28,5Â ft 8Â in (1.73Â m),FenÃ´meno,4â-0,10â-0
Mexico,Irene Aldana,31,5Â ft 9Â in (1.75Â m),,4â-3,11â-5
United States,Gina Mazany,31,5Â ft 6Â in (1.68Â m),Danger,1â-3,5â-3
United States,Tonya Evinger,38,5Â ft 7Â in (1.70Â m),Triple Threat,0â-3,19â-8 (1 NC)
Brazil,Amanda Lemos,22,5Â ft 4Â in (1.63Â m),,0â-1,6â-1â-1
Brazil,Talita Bernardo,32,5Â ft 4Â in (1.63Â m),,1â-3,6â-4
United States,Aspen Ladd,24,5Â ft 6Â in (1.68Â m),,3â-1,8â-1
Australia,Jessica-Rose Clark,32,5Â ft 4Â in (1.63Â m),Jessy Jess,2â-2,9â-6 (1 NC)
United States,Nicco MontaÃ±o,30,5Â ft 5Â in (1.65Â m),,1â-1,4â-3
United States,Sijara Eubanks,34,5Â ft 4Â in (1.63Â m),SarJ,2â-2,4â-4
Russian Federation,Yana Kunitskaya,30,5Â ft 6Â in (1.68Â m),Foxy,2â-1,12â-4
Sweden,Pannie Kianzad,27,5Â ft 7Â in (1.70Â m),Banzai,1â-1,12â-5
United States,Macy Chiasson,28,5Â ft 9Â in (1.75Â m),,3â-1,5â-1
Sweden,Bea Malecki,28,5Â ft 11Â in (1.80Â m),Bad News Barbie,1â-0,3â-0
Brazil,Duda Santana,23,5Â ft 11Â in (1.80Â m),,0â-1,3â-1
United States,Julia Avila,31,5Â ft 7Â in (1.70Â m),Raging Panda,1â-0,6â-1
Brazil,Karolline Rosa Cavedo,24,5Â ft 7Â in (1.70Â m),,1â-0,12â-3
Brazil,Lara Fritzen ProcÃ³pio,24,5Â ft 4Â in (1.63Â m),,0â-1,6â-1
Georgia (country),Liana Jojua,24,5Â ft 4Â in (1.63Â m),She Wolf,0â-1,7â-3
Brazil,Vanessa Melo,31,5Â ft 5Â in (1.65Â m),Miss Simpatia,0â-2,10â-7
United States,Tracy Cortez,25,5Â ft 5Â in (1.65Â m),,1â-0,7â-1
United States,Liz Carmouche *,35,5Â ft 6Â in (1.68Â m),Girlrilla,5â-6,13â-7
Canada,Alexis Davis *,35,5Â ft 6Â in (1.68Â m),Ally-Gator,8â-6,19â-10
United States,Jessica Eye,33,5Â ft 6Â in (1.68Â m),Evil,4â-6 (1 NC),14â-7 (1 NC)
United States,Roxanne Modafferi,37,5Â ft 6Â in (1.68Â m),The Happy Warrior,2â-4,23â-16
Poland,Joanna JÄ™drzejczyk,32,5Â ft 6Â in (1.68Â m),,9â-3,15â-3
United States,Lauren Murphy,36,5Â ft 7Â in (1.70Â m),Lucky,3â-4,11â-4
United States,Paige VanZant,25,5Â ft 4Â in (1.63Â m),12 Gauge,5â-3,8â-4
United States,Ashlee Evans-Smith,32,5Â ft 8Â in (1.73Â m),Rebel Girl,3â-4,6â-4
Ukraine,Maryna Moroz,28,5Â ft 7Â in (1.70Â m),The Iron Lady,4â-3,9â-3
Kyrgyzstan,Valentina Shevchenko (C),31,5Â ft 5Â in (1.65Â m),Bullet,7â-2,18â-3
United States,Justine Kish,31,5Â ft 5Â in (1.65Â m),,2â-2,6â-2
United States,Katlyn Chookagian,30,5Â ft 9Â in (1.75Â m),Blonde Fighter,6â-2,13â-2
United States,JJ Aldrich,27,5Â ft 5Â in (1.65Â m),,4â-2,8â-3
Scotland,Joanne Calderwood,32,5Â ft 6Â in (1.68Â m),JoJo,6â-4,14â-4
Venezuela,Veronica Macedo,24,5Â ft 3Â in (1.60Â m),,1â-3,6â-3â-1
The Czech Republic,Lucie PudilovÃ¡,25,5Â ft 8Â in (1.73Â m),Bullet,2â-4,8â-5
South Korea,Ji Yeon Kim,30,5Â ft 6Â in (1.68Â m),Firefist,3â-2,9â-2â-2
Italy,Mara Romero Borella,33,5Â ft 6Â in (1.68Â m),Maravilla,2â-2,12â-6 (2 NC)
Brazil,Kalindra Faria,33,5Â ft 5Â in (1.65Â m),,0â-3,18â-8â-1
Brazil,Poliana Botelho,30,5Â ft 8Â in (1.73Â m),,3â-1,8â-2
China,Wu Yanan,23,5Â ft 9Â in (1.75Â m),Mulan,1â-2,10â-3
Australia,Nadia Kassem,24,5Â ft 7Â in (1.70Â m),187,1â-2,5â-2
United States,Montana De La Rosa,24,5Â ft 7Â in (1.70Â m),,3â-1,10â-5
United States,Rachael Ostovich,28,5Â ft 3Â in (1.60Â m),,1â-2,4â-5
United States,Shana Dobson,30,5Â ft 6Â in (1.68Â m),Danger,1â-2,3â-3
Canada,Gillian Robertson,24,5Â ft 2Â in (1.57Â m),The Savage,4â-2,7â-4
Brazil,Priscila Cachoeira,31,5Â ft 7Â in (1.70Â m),Zombie Girl,0â-3,8â-3
Brazil,Polyana Viana,27,5Â ft 7Â in (1.70Â m),Dama de Ferro,1â-3,10â-4
United States,Lauren Mueller,28,5Â ft 5Â in (1.65Â m),Princess Tiger,1â-3,5â-3
United States,Andrea Lee,30,5Â ft 6Â in (1.68Â m),KGB,3â-1,11â-3
England,Molly McCann,29,5Â ft 4Â in (1.63Â m),Meatball,3â-1,10â-2
Brazil,Jennifer Maia,31,5Â ft 4Â in (1.63Â m),,2â-2,17â-6â-1
Brazil,Mayra Bueno Silva,28,5Â ft 6Â in (1.68Â m),Sheetara,1â-0,5â-0
United States,Maycee Barber,21,5Â ft 7Â in (1.70Â m),The Future,3â-0,8â-0
Kyrgyzstan,Antonina Shevchenko,35,5Â ft 8Â in (1.73Â m),Pantera,2â-1,8â-1
Brazil,Ariane Lipski,25,5Â ft 6Â in (1.68Â m),Violence Queen,1â-2,12â-5
Brazil,Taila Santos,26,5Â ft 5Â in (1.65Â m),,0â-1,15â-1
Colombia,Sabina Mazo,22,5Â ft 7Â in (1.70Â m),Colombian Queen,1â-1,7â-1
Brazil,Viviane AraÃºjo,33,5Â ft 5Â in (1.65Â m),ViVi,2â-0,8â-1
Brazil,Luana Carolina,26,5Â ft 7Â in (1.70Â m),Dread,1â-0,6â-1
United States,Miranda Granger,27,5Â ft 7Â in (1.70Â m),Danger,1â-0,5â-0
United States,Hannah Goldy,27,5Â ft 4Â in (1.63Â m),Queen of Sparta,0â-1,2â-1
Japan,Mizuki Inoue,25,5Â ft 4Â in (1.63Â m),,1â-0,14â-5
Romania,Diana BelbiÅ£Äƒ,23,5Â ft 7Â in (1.70Â m),The Warrior Princess,0â-1,13â-5
Brazil,Isabella de PÃ¡dua,28,5Â ft 6Â in (1.68Â m),Belinha,0â-1,5â-2
Brazil,JÃ©ssica Andrade,28,5Â ft 2Â in (1.57Â m),Bate Estaca,11â-5,20â-7
Brazil,ClÃ¡udia Gadelha,30,5Â ft 4Â in (1.63Â m),ClÃ¡udinha,6â-4,17â-4
Poland,Joanna JÄ™drzejczyk,32,,5Â ft 6Â in (1.68Â m),10â-3,16â-3
United States,Nina Ansaroff,33,5Â ft 5Â in (1.65Â m),The Strina,4â-3,10â-6
United States,Carla Esparza,32,5Â ft 1Â in (1.55Â m),Cookie Monster,6â-4,15â-6
United States,Rose Namajunas,27,5Â ft 5Â in (1.65Â m),Thug,6â-3,8â-4
United States,Jessica Penne,36,5Â ft 5Â in (1.65Â m),,1â-3,12â-5
Canada,Randa Markos,34,5Â ft 4Â in (1.63Â m),Quiet Storm,6â-6â-1,10â-7â-1
United States,Felice Herrig,35,5Â ft 4Â in (1.63Â m),Lil' Bulldog,5â-3,14â-8
United States,Tecia Torres,30,5Â ft 1Â in (1.55Â m),The Tiny Tornado,6â-5,10â-5
Australia,Alex Chambers,41,5Â ft 3Â in (1.60Â m),Astro Girl,1â-4,5â-5
United States,Angela Hill,32,5Â ft 3Â in (1.60Â m),Overkill,5â-7,10â-7
Russian Federation,Aleksandra Albu,29,5Â ft 3Â in (1.60Â m),Stitch,2â-2,3â-2
United States,Michelle Waterson,33,5Â ft 3Â in (1.60Â m),The Karate Hottie,5â-3,17â-7
United States,Cortney Casey,32,5Â ft 7Â in (1.70Â m),Cast Iron,4â-6,8â-7
Poland,Karolina Kowalkiewicz,34,5Â ft 3Â in (1.60Â m),Polish Princess,5â-5,12â-5
United States,Tatiana Suarez,28,5Â ft 5Â in (1.65Â m),,5â-0,8â-0
Mexico,Alexa Grasso,26,5Â ft 5Â in (1.65Â m),,3â-3,11â-3
United States,Ashley Yoder,32,5Â ft 7Â in (1.70Â m),Spider Monkey,2â-4,7â-5
United States,Cynthia Calvillo,32,5Â ft 4Â in (1.63Â m),,5â-1,8â-1
Japan,Syuri Kondo,30,5Â ft 4Â in (1.63Â m),,1â-3,6â-3
United States,Jodie Esquibel,33,5Â ft 1Â in (1.55Â m),,0â-4,6â-6
China,Yan Xiaonan,30,5Â ft 5Â in (1.65Â m),Nine,4â-0,10â-1 (1 NC)
United States,Emily Whitmire,28,5Â ft 5Â in (1.65Â m),Spitfire,2â-2,4â-3
United States,Mackenzie Dern,26,5Â ft 3Â in (1.60Â m),,2â-1,7â-1
China,Zhang Weili (C),30,5Â ft 3Â in (1.60Â m),,4â-0,20â-1
Brazil,Livia Renata Souza,28,5Â ft 4Â in (1.63Â m),Livinha,2â-1,13â-2
Brazil,Marina Rodriguez,32,5Â ft 7Â in (1.70Â m),,2â-0â-1,12â-0â-1
United States,Hannah Cifers,27,5Â ft 1Â in (1.55Â m),Shockwave,2â-1,10â-3
Brazil,Virna Jandiroba,31,5Â ft 3Â in (1.60Â m),CarcarÃ¡,0â-1,14â-1
Brazil,Amanda Ribas,26,5Â ft 4Â in (1.63Â m),,2â-0,8â-1
United States,Brianna Van Buren,26,4Â ft 11Â in (1.50Â m),Tha Bull,1â-0,9â-2
Brazil,Ariane Carnelossi,27,5Â ft 2Â in (1.57Â m),Sorriso,0â-1,12â-2
Thailand,Loma Lookboonmee,33,5Â ft 1Â in (1.55Â m),,1â-0,4â-1